{"lastChecks": {"evomap": 1776604774.7170691, "token": 1776591872.7800372, "openmoss": 1776593676.021004, "staroffice": 0, "snapshot_cleanup": 1776590070.96872, "barbaric": 1776605036.810691}}