{"lastChecks": {"evomap": 1776598944.816628, "token": 1776591872.7800372, "openmoss": 1776593676.021004, "staroffice": 0, "snapshot_cleanup": 1776590070.96872}}