{"lastChecks": {"evomap": 1776660944.772116, "token": 1776591872.7800372, "openmoss": 1776593676.021004, "staroffice": 0, "snapshot_cleanup": 1776590070.96872, "barbaric": 1776942740.587966, "statusReport": 1776739098.53583, "proposals_pending": 3, "digest_count": 1}}